timestamp,active_connections
2026-03-14 15:50:41,0
2026-03-14 15:50:46,0
2026-03-14 15:50:51,0
2026-03-14 15:50:56,0
2026-03-14 15:51:01,0
2026-03-14 15:51:06,0
2026-03-14 15:51:11,0
2026-03-14 15:51:16,0
2026-03-14 15:51:21,0
2026-03-14 15:51:26,0
2026-03-14 15:51:31,0
2026-03-14 15:51:36,0
2026-03-14 15:51:41,0
2026-03-14 15:51:46,0
2026-03-14 15:51:51,0
2026-03-14 15:51:56,0
2026-03-14 15:52:01,0
2026-03-14 15:52:07,0
2026-03-14 15:52:12,0
2026-03-14 15:52:17,0
2026-03-14 15:52:22,0
2026-03-14 15:52:27,0
2026-03-14 15:52:32,0
2026-03-14 15:52:37,0
2026-03-14 15:52:42,0
2026-03-14 15:52:47,0
2026-03-14 15:52:52,0
2026-03-14 15:52:57,0
2026-03-14 15:53:02,0
2026-03-14 15:53:07,0
2026-03-14 15:53:12,0
2026-03-14 15:53:17,0
2026-03-14 15:53:22,0
2026-03-14 15:53:27,0
2026-03-14 15:53:32,0
2026-03-14 15:53:37,0
2026-03-14 15:53:42,0
2026-03-14 15:53:47,0
2026-03-14 15:53:52,0
2026-03-14 15:53:57,0
2026-03-14 15:54:02,0
2026-03-14 15:54:07,0
2026-03-14 15:54:12,0
2026-03-14 15:54:17,0
2026-03-14 15:54:22,0
2026-03-14 15:54:27,0
2026-03-14 15:54:32,0
2026-03-14 15:54:37,0
2026-03-14 15:54:42,0
2026-03-14 15:54:47,0
2026-03-14 15:54:52,0
2026-03-14 15:54:57,0
2026-03-14 15:55:02,0
2026-03-14 15:55:07,0
2026-03-14 15:55:12,0
2026-03-14 15:55:17,0
2026-03-14 15:55:22,0
2026-03-14 15:55:27,0
2026-03-14 15:55:32,0
2026-03-14 15:55:37,0
2026-03-14 15:55:42,0
2026-03-14 15:55:48,0
2026-03-14 15:55:53,0
2026-03-14 15:55:58,0
2026-03-14 15:56:03,0
2026-03-14 15:56:08,0
2026-03-14 15:56:13,0
2026-03-14 15:56:18,0
2026-03-14 15:56:23,0
2026-03-14 15:56:28,0
2026-03-14 15:56:33,0
2026-03-14 15:56:38,0
2026-03-14 15:56:43,0
2026-03-14 15:56:48,0
2026-03-14 15:56:53,0
2026-03-14 15:56:58,0
2026-03-14 15:57:03,0
2026-03-14 15:57:08,0
2026-03-14 15:57:13,0
2026-03-14 15:57:18,0
2026-03-14 15:57:23,0
2026-03-14 15:57:28,0
2026-03-14 15:57:33,0
2026-03-14 15:57:38,0
2026-03-14 15:57:43,0
2026-03-14 15:57:48,0
2026-03-14 15:57:53,0
2026-03-14 15:57:58,0
2026-03-14 15:58:03,0
2026-03-14 15:58:08,0
2026-03-14 15:58:13,0
2026-03-14 15:58:18,0
2026-03-14 15:58:23,0
2026-03-14 15:58:28,0
2026-03-14 15:58:33,0
2026-03-14 15:58:38,0
2026-03-14 15:58:43,0
2026-03-14 15:58:48,0
2026-03-14 15:58:53,0
2026-03-14 15:58:58,0
2026-03-14 15:59:03,0
2026-03-14 15:59:08,0
2026-03-14 15:59:13,0
2026-03-14 15:59:18,0
2026-03-14 15:59:23,0
2026-03-14 15:59:29,0
2026-03-14 15:59:34,0
2026-03-14 15:59:39,0
2026-03-14 15:59:44,0
2026-03-14 15:59:49,0
2026-03-14 15:59:54,0
2026-03-14 15:59:59,0
2026-03-14 16:00:04,0
2026-03-14 16:00:09,0
2026-03-14 16:00:14,0
2026-03-14 16:00:19,0
2026-03-14 16:00:24,0
2026-03-14 16:00:29,0
2026-03-14 16:00:34,0
2026-03-14 16:00:39,0
2026-03-14 16:00:44,0
2026-03-14 16:00:49,0
2026-03-14 16:00:54,0
2026-03-14 16:00:59,0
2026-03-14 16:01:04,0
2026-03-14 16:01:09,0
2026-03-14 16:01:14,0
2026-03-14 16:01:19,0
2026-03-14 16:01:24,0
2026-03-14 16:01:29,0
2026-03-14 16:01:34,0
2026-03-14 16:01:39,0
2026-03-14 16:01:44,0
2026-03-14 16:01:49,0
2026-03-14 16:01:54,0
2026-03-14 16:01:59,0
2026-03-14 16:02:04,0
2026-03-14 16:02:09,0
2026-03-14 16:02:14,0
2026-03-14 16:02:19,0
2026-03-14 16:02:24,0
2026-03-14 16:02:29,0
2026-03-14 16:02:34,0
2026-03-14 16:02:39,0
2026-03-14 16:02:44,0
2026-03-14 16:02:49,0
2026-03-14 16:02:54,0
2026-03-14 16:02:59,0
2026-03-14 16:03:05,0
2026-03-14 16:03:10,0
2026-03-14 16:03:15,0
2026-03-14 16:03:20,0
2026-03-14 16:03:25,0
2026-03-14 16:03:30,0
2026-03-14 16:03:35,0
2026-03-14 16:03:40,0
2026-03-14 16:03:45,0
2026-03-14 16:03:50,0
2026-03-14 16:03:55,0
2026-03-14 16:04:00,0
2026-03-14 16:04:05,0
2026-03-14 16:04:10,0
2026-03-14 16:04:15,0
2026-03-14 16:04:20,0
2026-03-14 16:04:25,0
2026-03-14 16:04:30,0
2026-03-14 16:04:35,0
2026-03-14 16:04:40,0
2026-03-14 16:04:45,0
2026-03-14 16:04:50,0
2026-03-14 16:04:55,0
2026-03-14 16:05:00,0
2026-03-14 16:05:05,0
2026-03-14 16:05:10,0
2026-03-14 16:05:15,0
2026-03-14 16:05:20,0
2026-03-14 16:05:25,0
2026-03-14 16:05:30,0
2026-03-14 16:05:35,0
2026-03-14 16:05:40,0
2026-03-14 16:05:45,0
2026-03-14 16:05:50,0
2026-03-14 16:05:55,0
2026-03-14 16:06:00,0
2026-03-14 16:06:05,0
2026-03-14 16:06:10,0
2026-03-14 16:06:15,0
2026-03-14 16:06:20,0
2026-03-14 16:06:25,0
2026-03-14 16:06:30,0
2026-03-14 16:06:35,0
2026-03-14 16:06:40,0
2026-03-14 16:06:46,0
2026-03-14 16:06:51,0
2026-03-14 16:06:56,0
2026-03-14 16:07:01,0
2026-03-14 16:07:06,0
2026-03-14 16:07:11,0
2026-03-14 16:07:16,0
2026-03-14 16:07:21,0
2026-03-14 16:07:26,0
2026-03-14 16:07:31,0
2026-03-14 16:07:36,0
2026-03-14 16:07:41,0
2026-03-14 16:07:46,0
2026-03-14 16:07:51,0
2026-03-14 16:07:56,0
2026-03-14 16:08:01,0
2026-03-14 16:08:06,0
2026-03-14 16:08:11,0
2026-03-14 16:08:16,0
2026-03-14 16:08:21,0
2026-03-14 16:08:26,0
2026-03-14 16:08:31,0
2026-03-14 16:08:36,0
2026-03-14 16:08:41,0
2026-03-14 16:08:46,0
2026-03-14 16:08:51,0
2026-03-14 16:08:56,0
2026-03-14 16:09:01,0
2026-03-14 16:09:06,0
2026-03-14 16:09:11,0
2026-03-14 16:09:16,0
2026-03-14 16:09:21,0
2026-03-14 16:09:26,0
2026-03-14 16:09:31,0
2026-03-14 16:09:36,0
2026-03-14 16:09:41,0
2026-03-14 16:09:46,0
2026-03-14 16:09:51,0
2026-03-14 16:09:56,0
2026-03-14 16:10:01,0
2026-03-14 16:10:06,0
2026-03-14 16:10:11,0
2026-03-14 16:10:16,0
2026-03-14 16:10:21,0
2026-03-14 16:10:27,0
2026-03-14 16:10:32,0
2026-03-14 16:10:37,0
2026-03-14 16:10:42,0
2026-03-14 16:10:47,0
2026-03-14 16:10:52,0
2026-03-14 16:10:57,0
2026-03-14 16:11:02,0
2026-03-14 16:11:07,0
2026-03-14 16:11:12,0
2026-03-14 16:11:17,0
2026-03-14 16:11:22,0
2026-03-14 16:11:27,0
2026-03-14 16:11:32,0
2026-03-14 16:11:37,0
2026-03-14 16:11:42,0
2026-03-14 16:11:47,0
2026-03-14 16:11:52,0
2026-03-14 16:11:57,0
2026-03-14 16:12:02,2
2026-03-14 16:12:07,0
2026-03-14 16:12:12,0
2026-03-14 16:12:17,0
2026-03-14 16:12:22,0
2026-03-14 16:12:27,0
2026-03-14 16:12:32,0
2026-03-14 16:12:37,0
2026-03-14 16:12:42,0
2026-03-14 16:12:47,0
2026-03-14 16:12:52,0
2026-03-14 16:12:57,0
2026-03-14 16:13:02,0
2026-03-14 16:13:07,0
2026-03-14 16:13:12,0
2026-03-14 16:13:17,0
2026-03-14 16:13:22,0
2026-03-14 16:13:27,0
2026-03-14 16:13:32,0
2026-03-14 16:13:37,0
2026-03-14 16:13:42,0
2026-03-14 16:13:47,0
2026-03-14 16:13:52,0
2026-03-14 16:13:57,0
2026-03-14 16:14:02,0
2026-03-14 16:14:08,0
2026-03-14 16:14:13,0
2026-03-14 16:14:18,0
2026-03-14 16:14:23,0
2026-03-14 16:14:28,0
2026-03-14 16:14:33,0
2026-03-14 16:14:38,0
2026-03-14 16:14:43,0
2026-03-14 16:14:48,0
2026-03-14 16:14:53,0
2026-03-14 16:14:58,0
2026-03-14 16:15:03,0
2026-03-14 16:15:08,0
2026-03-14 16:15:13,0
2026-03-14 16:15:18,0
2026-03-14 16:15:23,0
2026-03-14 16:15:28,0
2026-03-14 16:15:33,0
2026-03-14 16:15:38,0
2026-03-14 16:15:43,0
2026-03-14 16:15:48,0
2026-03-14 16:15:53,0
2026-03-14 16:15:58,0
2026-03-14 16:16:03,0
2026-03-14 16:16:08,0
2026-03-14 16:16:13,0
2026-03-14 16:16:18,0
2026-03-14 16:16:23,0
2026-03-14 16:16:28,0
2026-03-14 16:16:33,0
2026-03-14 16:16:38,0
2026-03-14 16:16:43,0
2026-03-14 16:16:48,0
2026-03-14 16:16:53,0
2026-03-14 16:16:58,0
2026-03-14 16:17:03,0
2026-03-14 16:17:08,0
2026-03-14 16:17:13,0
2026-03-14 16:17:18,0
2026-03-14 16:17:23,0
2026-03-14 16:17:28,0
2026-03-14 16:17:33,0
2026-03-14 16:17:38,0
2026-03-14 16:17:43,0
2026-03-14 16:17:49,0
2026-03-14 16:17:54,0
2026-03-14 16:17:59,0
2026-03-14 16:18:04,0
2026-03-14 16:18:09,0
2026-03-14 16:18:14,0
2026-03-14 16:18:19,0
2026-03-14 16:18:24,0
2026-03-14 16:18:29,0
2026-03-14 16:18:34,0
2026-03-14 16:18:39,0
2026-03-14 16:18:44,0
2026-03-14 16:18:49,0
2026-03-14 16:18:54,0
2026-03-14 16:18:59,0
2026-03-14 16:19:04,0
2026-03-14 16:19:09,0
2026-03-14 16:19:14,0
2026-03-14 16:19:19,0
2026-03-14 16:19:24,0
2026-03-14 16:19:29,0
2026-03-14 16:19:34,0
2026-03-14 16:19:39,0
2026-03-14 16:19:44,0
2026-03-14 16:19:49,0
2026-03-14 16:19:54,0
2026-03-14 16:19:59,0
2026-03-14 16:20:04,0
2026-03-14 16:20:09,0
2026-03-14 16:20:14,0
2026-03-14 16:20:19,0
2026-03-14 16:20:24,0
2026-03-14 16:31:33,0
2026-03-14 16:31:38,0
2026-03-14 16:31:43,0
2026-03-14 16:31:48,0
2026-03-14 16:31:53,0
2026-03-14 16:31:58,0
2026-03-14 16:32:03,0
2026-03-14 16:32:08,0
2026-03-14 16:32:13,0
2026-03-14 16:32:18,0
2026-03-14 16:32:23,0
2026-03-14 16:32:28,10
2026-03-14 16:32:33,10
2026-03-14 16:32:38,0
2026-03-14 16:32:43,0
2026-03-14 16:32:48,0
2026-03-14 16:32:53,0
2026-03-14 16:32:58,0
2026-03-14 16:33:03,0
2026-03-14 16:33:08,0
2026-03-14 16:33:13,0
2026-03-14 16:33:18,0
2026-03-14 16:33:23,0
2026-03-14 16:33:28,0
2026-03-14 16:33:33,0
2026-03-14 16:33:38,0
2026-03-14 16:33:44,0
2026-03-14 16:33:49,0
2026-03-14 16:33:54,0
2026-03-14 16:33:59,0
2026-03-14 16:34:04,0
2026-03-14 16:34:09,0
2026-03-14 16:34:14,0
2026-03-14 16:34:19,0
2026-03-14 16:34:24,0
2026-03-14 16:34:29,0
2026-03-14 16:34:34,0
2026-03-14 16:34:39,0
2026-03-14 16:34:44,0
2026-03-14 16:34:49,0
2026-03-14 16:34:54,0
2026-03-14 16:34:59,0
2026-03-14 16:35:04,0
2026-03-14 16:35:09,0
2026-03-14 16:35:14,0
2026-03-14 16:35:19,0
2026-03-14 16:35:24,0
2026-03-14 16:35:29,0
2026-03-14 16:35:34,0
2026-03-14 16:35:39,0
2026-03-14 16:35:44,0
2026-03-14 16:35:49,0
2026-03-14 16:35:54,0
2026-03-14 16:35:59,0
2026-03-14 16:36:04,0
2026-03-14 16:36:09,0
2026-03-14 16:36:14,0
2026-03-14 16:36:19,0
2026-03-14 16:36:24,0
2026-03-14 16:36:29,0
2026-03-14 16:36:34,0
2026-03-14 16:36:39,0
2026-03-14 16:36:44,0
2026-03-14 16:36:49,0
2026-03-14 16:36:54,0
2026-03-14 16:36:59,0
2026-03-14 16:37:04,0
2026-03-14 16:37:09,0
2026-03-14 16:37:14,0
2026-03-14 16:37:20,0
2026-03-14 16:37:25,0
2026-03-14 16:37:30,0
2026-03-14 16:37:35,0
2026-03-14 16:37:40,0
2026-03-14 16:37:45,0
2026-03-14 16:37:50,0
2026-03-14 16:37:55,0
2026-03-14 16:38:00,0
2026-03-14 16:38:05,0
2026-03-14 16:38:10,0
2026-03-14 16:38:15,0
2026-03-14 16:38:20,0
2026-03-14 16:38:25,0
2026-03-14 16:38:30,0
2026-03-14 16:38:35,0
2026-03-14 16:38:40,0
2026-03-14 16:38:45,0
2026-03-14 16:38:50,0
2026-03-14 16:38:55,0
2026-03-14 16:39:00,0
2026-03-14 16:39:05,0
2026-03-14 16:39:10,0
2026-03-14 16:39:15,0
2026-03-14 16:39:20,0
2026-03-14 16:39:25,0
2026-03-14 16:39:30,0
2026-03-14 16:39:35,0
2026-03-14 16:39:40,0
2026-03-14 16:39:45,0
2026-03-14 16:39:50,0
2026-03-14 16:39:55,0
2026-03-14 16:40:00,0
2026-03-14 16:40:05,0
2026-03-14 16:40:10,0
2026-03-14 16:40:15,0
2026-03-14 16:40:20,0
2026-03-14 16:40:25,0
2026-03-14 16:40:30,0
2026-03-14 16:40:35,0
2026-03-14 16:40:40,0
2026-03-14 16:40:45,0
2026-03-14 16:40:50,0
2026-03-14 16:40:55,0
2026-03-14 16:41:00,0
2026-03-14 16:41:05,0
2026-03-14 16:41:10,0
2026-03-14 16:41:16,0
2026-03-14 16:41:21,0
2026-03-14 16:41:26,0
2026-03-14 16:41:31,0
2026-03-14 16:41:36,0
2026-03-14 16:41:41,0
2026-03-14 16:41:46,0
2026-03-14 16:41:51,0
2026-03-14 16:41:56,0
2026-03-14 16:42:01,0
2026-03-14 16:42:06,0
2026-03-14 16:42:11,0
2026-03-14 16:42:16,0
2026-03-14 16:42:21,0
2026-03-14 16:42:26,0
2026-03-14 16:42:31,0
2026-03-14 16:42:36,0
2026-03-14 16:42:41,0
2026-03-14 16:42:46,0
2026-03-14 16:42:51,0
2026-03-14 16:42:56,0
2026-03-14 16:43:01,0
2026-03-14 16:43:06,0
2026-03-14 16:43:11,0
2026-03-14 16:43:16,0
2026-03-14 16:43:21,0
2026-03-14 16:43:26,0
2026-03-14 16:43:31,0
2026-03-14 16:43:36,0
2026-03-14 16:43:41,0
2026-03-14 16:43:46,0
2026-03-14 16:43:51,0
2026-03-14 16:43:56,0
2026-03-14 16:44:01,0
2026-03-14 16:44:06,0
2026-03-14 16:44:11,0
2026-03-14 16:44:16,0
2026-03-14 16:44:21,0
2026-03-14 16:44:26,0
2026-03-14 16:44:31,0
2026-03-14 16:44:36,0
2026-03-14 16:44:41,0
2026-03-14 16:44:46,0
2026-03-14 16:44:51,0
2026-03-14 16:44:56,0
2026-03-14 16:45:02,0
2026-03-14 16:45:07,0
2026-03-14 16:45:12,0
2026-03-14 16:45:17,0
2026-03-14 16:45:22,0
2026-03-14 16:45:27,0
2026-03-14 16:45:32,0
2026-03-14 16:45:37,0
2026-03-14 16:45:42,0
2026-03-14 16:45:47,0
2026-03-14 16:45:52,0
2026-03-14 16:45:57,0
2026-03-14 16:46:02,0
2026-03-14 16:46:07,0
2026-03-14 16:46:12,0
2026-03-14 16:46:17,0
2026-03-14 16:46:22,0
2026-03-14 16:46:27,0
2026-03-14 16:46:32,0
2026-03-14 16:46:37,0
2026-03-14 16:46:42,0
2026-03-14 16:46:47,0
2026-03-14 16:46:52,0
2026-03-14 16:46:57,0
2026-03-14 16:47:02,0
2026-03-14 16:47:07,0
2026-03-14 16:47:12,0
2026-03-14 16:47:17,0
2026-03-14 16:47:22,0
2026-03-14 16:47:27,0
2026-03-14 16:47:32,0
2026-03-14 16:47:37,0
2026-03-14 16:47:42,0
2026-03-14 16:47:47,0
2026-03-14 16:47:52,0
2026-03-14 16:47:57,0
2026-03-14 16:48:02,0
2026-03-14 16:48:07,0
2026-03-14 16:48:12,0
2026-03-14 16:48:17,0
2026-03-14 16:48:22,0
2026-03-14 16:48:27,0
2026-03-14 16:48:32,0
2026-03-14 16:48:37,0
2026-03-14 16:48:43,0
2026-03-14 16:48:48,0
2026-03-14 16:48:53,0
2026-03-14 16:48:58,0
2026-03-14 16:49:03,0
2026-03-14 16:49:08,0
2026-03-14 16:49:13,0
2026-03-14 16:49:18,0
2026-03-14 16:49:23,0
2026-03-14 16:49:28,0
2026-03-14 16:49:33,0
2026-03-14 16:49:38,0
2026-03-14 16:49:43,0
2026-03-14 16:49:48,0
2026-03-14 16:49:53,0
2026-03-14 16:49:58,0
2026-03-14 16:50:03,0
2026-03-14 16:50:08,0
2026-03-14 16:50:13,0
2026-03-14 16:50:18,0
2026-03-14 16:50:23,0
2026-03-14 16:50:28,0
2026-03-14 16:50:33,0
2026-03-14 16:50:38,0
2026-03-14 16:50:43,0
2026-03-14 16:50:48,0
2026-03-14 16:50:53,0
2026-03-14 16:50:58,0
2026-03-14 16:51:03,0
2026-03-14 16:51:08,0
2026-03-14 16:51:13,0
2026-03-14 16:51:18,0
2026-03-14 16:51:23,0
2026-03-14 16:51:28,0
2026-03-14 16:51:33,0
2026-03-14 16:51:38,0
2026-03-14 16:51:43,0
2026-03-14 16:51:48,0
2026-03-14 16:51:53,0
2026-03-14 16:51:58,0
2026-03-14 16:52:03,0
2026-03-14 16:52:08,0
2026-03-14 16:52:13,0
2026-03-14 16:52:19,0
2026-03-14 16:52:24,0
2026-03-14 16:52:29,0
2026-03-14 16:52:34,0
2026-03-14 16:52:39,0
2026-03-14 16:52:44,0
2026-03-14 16:52:49,0
2026-03-14 16:52:54,0
2026-03-14 16:52:59,0
2026-03-14 16:53:04,0
2026-03-14 16:53:09,0
2026-03-14 16:53:14,0
2026-03-14 16:53:19,0
2026-03-14 16:53:24,0
2026-03-14 16:53:29,0
2026-03-14 16:53:34,0
2026-03-14 16:53:39,0
2026-03-14 16:53:44,0
2026-03-14 16:53:49,0
2026-03-14 16:53:54,0
2026-03-14 16:53:59,0
2026-03-14 16:54:04,0
2026-03-14 16:54:09,0
2026-03-14 16:54:14,0
2026-03-14 16:54:19,0
2026-03-14 16:54:24,0
2026-03-14 16:54:29,0
2026-03-14 16:54:34,0
2026-03-14 16:54:39,0
2026-03-14 16:54:44,0
2026-03-14 16:54:49,0
2026-03-14 16:54:54,0
2026-03-14 16:54:59,0
2026-03-14 16:55:04,0
2026-03-14 16:55:09,0
2026-03-14 16:55:14,0
2026-03-14 16:55:19,0
2026-03-14 16:55:24,0
2026-03-14 16:55:29,0
2026-03-14 16:55:34,0
2026-03-14 16:55:39,0
2026-03-14 16:55:44,0
2026-03-14 16:55:49,0
2026-03-14 16:55:54,0
2026-03-14 16:56:00,0
2026-03-14 16:56:05,0
2026-03-14 16:56:10,0
2026-03-14 16:56:15,0
2026-03-14 16:56:20,0
2026-03-14 16:56:25,0
2026-03-14 16:56:30,0
2026-03-14 16:56:35,0
2026-03-14 16:56:40,0
2026-03-14 16:56:45,0
2026-03-14 16:56:50,0
2026-03-14 16:56:55,0
2026-03-14 16:57:00,0
2026-03-14 16:57:05,0
2026-03-14 16:57:10,0
2026-03-14 16:57:15,0
2026-03-14 16:57:20,0
2026-03-14 16:57:25,0
2026-03-14 16:57:30,0
2026-03-14 16:57:35,0
2026-03-14 16:57:40,0
2026-03-14 16:57:45,0
2026-03-14 16:57:50,0
2026-03-14 16:57:55,0
2026-03-14 16:58:00,0
2026-03-14 16:58:05,0
2026-03-14 16:58:10,0
2026-03-14 16:58:15,0
2026-03-14 16:58:20,0
2026-03-14 16:58:25,0
2026-03-14 16:58:30,0
2026-03-14 16:58:35,0
2026-03-14 16:58:40,0
2026-03-14 16:58:45,0
2026-03-14 16:58:50,0
2026-03-14 16:58:55,0
2026-03-14 16:59:00,0
2026-03-14 16:59:05,0
2026-03-14 16:59:10,0
2026-03-14 16:59:15,0
2026-03-14 16:59:20,0
2026-03-14 16:59:25,0
2026-03-14 16:59:30,0
2026-03-14 16:59:35,0
2026-03-14 16:59:40,0
2026-03-14 16:59:45,0
2026-03-14 16:59:50,0
2026-03-14 16:59:55,0
2026-03-14 17:00:01,0
2026-03-14 17:00:06,0
2026-03-14 17:00:11,0
2026-03-14 17:00:16,0
2026-03-14 17:00:21,0
2026-03-14 17:00:26,0
2026-03-14 17:00:31,0
2026-03-14 17:00:36,0
2026-03-14 17:00:41,0
2026-03-14 17:00:46,0
2026-03-14 17:00:51,0
2026-03-14 17:00:56,0
2026-03-14 17:01:01,0
2026-03-14 17:01:06,0
2026-03-14 17:01:11,0
2026-03-14 17:01:16,0
2026-03-14 17:01:21,0
2026-03-14 17:01:26,0
2026-03-14 17:01:31,0
2026-03-14 17:01:36,0
2026-03-14 17:01:41,0
2026-03-14 17:01:46,0
2026-03-14 17:01:51,0
2026-03-14 17:01:56,0
2026-03-14 17:02:01,0
2026-03-14 17:02:06,0
2026-03-14 17:02:11,0
2026-03-14 17:02:16,0
2026-03-14 17:02:21,0
2026-03-14 17:02:26,0
2026-03-14 17:02:31,0
2026-03-14 17:02:36,0
2026-03-14 17:02:41,0
2026-03-14 17:02:46,0
2026-03-14 17:02:51,0
2026-03-14 17:02:56,0
2026-03-14 17:03:01,0
2026-03-14 17:03:06,0
2026-03-14 17:03:11,0
2026-03-14 17:03:17,0
2026-03-14 17:03:22,0
2026-03-14 17:03:27,0
2026-03-14 17:03:32,0
2026-03-14 17:03:37,0
2026-03-14 17:03:42,0
2026-03-14 17:03:47,0
2026-03-14 17:03:52,0
2026-03-14 17:03:57,0
2026-03-14 17:04:02,0
2026-03-14 17:04:07,0
2026-03-14 17:04:12,0
2026-03-14 17:04:17,0
2026-03-14 17:04:22,0
2026-03-14 17:04:27,0
2026-03-14 17:04:32,0
2026-03-14 17:04:37,0
2026-03-14 17:04:42,0
2026-03-14 17:04:47,0
2026-03-14 17:04:52,0
2026-03-14 17:04:57,0
2026-03-14 17:05:02,0
2026-03-14 17:05:07,0
2026-03-14 17:05:12,0
2026-03-14 17:05:17,0
2026-03-14 17:05:22,0
2026-03-14 17:05:27,0
2026-03-14 17:05:32,0
2026-03-14 17:05:37,0
2026-03-14 17:05:42,0
2026-03-14 17:05:47,0
2026-03-14 17:05:52,0
2026-03-14 17:05:57,0
2026-03-14 17:06:02,0
2026-03-14 17:06:07,0
2026-03-14 17:06:12,0
2026-03-14 17:06:17,0
2026-03-14 17:06:22,0
2026-03-14 17:06:27,0
2026-03-14 17:06:32,0
2026-03-14 17:06:37,0
2026-03-14 17:06:42,0
2026-03-14 17:06:47,0
2026-03-14 17:06:53,0
2026-03-14 17:06:58,0
2026-03-14 17:07:03,0
2026-03-14 17:07:08,0
2026-03-14 17:07:13,0
2026-03-14 17:07:18,0
2026-03-14 17:07:23,0
2026-03-14 17:07:28,0
2026-03-14 17:07:33,0
2026-03-14 17:07:38,0
2026-03-14 17:07:43,0
2026-03-14 17:07:48,0
2026-03-14 17:07:53,0
2026-03-14 17:07:58,0
2026-03-14 17:08:03,0
2026-03-14 17:08:08,0
2026-03-14 17:08:13,0
2026-03-14 17:08:18,0
2026-03-14 17:08:23,0
2026-03-14 17:08:28,0
2026-03-14 17:08:33,0
2026-03-14 17:08:38,0
2026-03-14 17:08:43,0
2026-03-14 17:08:48,0
2026-03-14 17:08:53,0
2026-03-14 17:08:58,0
2026-03-14 17:09:03,0
2026-03-14 17:09:08,0
2026-03-14 17:09:13,0
2026-03-14 17:09:18,0
2026-03-14 17:09:23,0
2026-03-14 17:09:28,0
2026-03-14 17:09:33,0
2026-03-14 17:09:38,0
2026-03-14 17:09:44,0
2026-03-14 17:09:49,0
2026-03-14 17:09:54,0
2026-03-14 17:09:59,0
2026-03-14 17:10:04,0
2026-03-14 17:10:09,0
2026-03-14 17:10:14,0
